title,score,id,url,comms_num,created,body,timestamp
Joe Biden elected president of the United States,365124,jptqj9,https://apnews.com/article/election-2020-joe-biden-north-america-national-elections-elections-7200c2d4901d8e47f1302954685a737f,28921,1604795317.0,,2020-11-07 18:28:37
"Chauvin found guilty of murder, manslaughter in George Floyd's death",247980,mv0fzt,https://kstp.com/news/former-minneapolis-police-officer-derek-chauvin-found-guilty-of-murder-manslaughter-in-george-floyd-death/6081181/?cat=1,28277,1618981664.0,,2021-04-21 00:07:44
President Donald Trump says he has tested positive for coronavirus,233316,j3oj21,https://www.cnbc.com/2020/10/02/president-donald-trump-says-he-has-tested-positive-for-coronavirus.html,33896,1601643857.0,,2020-10-02 08:04:17
Blizzard Employees Staged a Walkout After the Company Banned a Gamer for Pro-Hong Kong Views,226317,dfn3yi,https://www.thedailybeast.com/blizzard-employees-staged-a-walkout-to-protest-banned-pro-hong-kong-gamer,9546,1570682717.0,,2019-10-09 23:45:17
Trump has left the White House for the last time as President,222572,l18yys,https://edition.cnn.com/politics/live-news/biden-harris-inauguration-day-2021/h_3a1320a33c4bca4445d129010660144c,11838,1611177404.0,,2021-01-20 15:16:44
Kobe Bryant killed in helicopter crash in California,213684,eubjfc,https://www.fox5dc.com/news/kobe-bryant-killed-in-helicopter-crash-in-california-tmz-reports,20436,1580096278.0,,2020-01-26 21:37:58
'Jeopardy' host Alex Trebek dies at 80 due to pancreatic cancer,200814,jqfm3b,https://abc13.com/entertainment/jeopardy-host-alex-trebek-dies-at-80-due-to-pancreatic-cancer/7769962/,5421,1604885393.0,,2020-11-08 19:29:53
Scientist Stephen Hawking has died aged 76,188176,84aebi,http://news.sky.com/story/scientist-stephen-hawking-has-died-aged-76-11289119,6885,1521027928.0,,2018-03-14 06:45:28
"Jeffrey Epstein's autopsy more consistent with homicidal strangulation than suicide, Dr. Michael Baden reveals",186250,dp5lr1,https://www.foxnews.com/us/forensic-pathologist-jeffrey-epstein-homicide-suicide,9971,1572464847.0,,2019-10-30 14:47:27
F.C.C. Announces Plan to Repeal Net Neutrality,177995,7ej943,https://www.nytimes.com/2017/11/21/technology/fcc-net-neutrality.html,10815,1511312193.0,,2017-11-21 18:56:33
"Joe Biden officially sworn in as the 46th President of the United States, Kamala Harris as the 49th Vice-President",176880,l1d2ko,https://www.cbsnews.com/live-updates/joe-biden-inauguration-2021-01-20/,9126,1611190440.0,,2021-01-20 18:54:00
Donald Trump impeached for ‘inciting’ US Capitol riot,175652,kwqbtc,https://www.aljazeera.com/news/2021/1/13/donald-trump-impeached-for-inciting-us-capitol-riot,13185,1610601930.0,,2021-01-13 23:25:30
Supreme Court rules workers can't be fired for being gay or transgender,171113,h9h11e,https://www.cnbc.com/2020/06/15/supreme-court-rules-workers-cant-be-fired-for-being-gay-or-transgender.html?__source=iosappshare%7Ccom.apple.UIKit.activity.CopyToPasteboard,10503,1592258847.0,,2020-06-15 17:07:27
Twitter permanently suspends Trump’s account,171081,ktenem,https://www.cnbc.com/2021/01/08/twitter-permanently-suspends-trumps-account.html?__source=iosappshare%7Ccom.apple.UIKit.activity.Message,13852,1610177332.0,,2021-01-09 01:28:52
"Jeffrey Epstein, accused sex trafficker, dies by suicide: Officials",170195,cohqmr,https://abcnews.go.com/US/jeffrey-epstein-accused-sex-trafficker-dies-suicide-officials/story?id=64881684,32550,1565470855.0,,2019-08-10 16:00:55
"Ghislane Maxwell, long-time friend and confidante of Jeffrey Epstein, has been arrested by the FBI and charged by federal prosecutors",165210,hjwwxh,https://nbcnews.to/38tf3LC,12913,1593724973.0,,2020-07-02 16:22:53
"In a new court hearing, Britney Spears' father loses bid to retain complete control of his daughter's financial investments",161500,lhyp8a,https://www.nbcnews.com/pop-culture/pop-culture-news/britney-spears-father-loses-bid-retain-control-delegating-her-investments-n1257502,5224,1613117114.0,,2021-02-12 02:05:14
Derek Chauvin sentenced to 22.5 years in prison for murder of George Floyd,156557,o7v79q,https://kstp.com/news/derek-chauvin-sentenced-to-225-years-in-prison-for-murder-of-george-floyd-breaking-news/6151225/?cat=1,18129,1624679749.0,,2021-06-25 22:55:49
Report: Stan Lee dead at 95 - Story,155788,9wgrdf,http://www.fox46charlotte.com/news/report-stan-lee-dead-at-95,6317,1542077284.0,,2018-11-12 20:48:04
Arizona Senator John McCain has passed away at the age of 81,154803,9abi3e,https://www.abc15.com/news/state/arizona-senator-john-mccain-has-passed-away-at-the-age-of-81,11468,1535271678.0,,2018-08-26 03:21:18
President Trump has been impeached,154270,ecm8hc,https://www.cnn.com/politics/live-news/impeachment-inquiry-12-18-2019/index.html,17181,1576749062.0,,2019-12-19 03:51:02
"Justice Ruth Bader Ginsburg, Champion Of Gender Equality, Dies At 87",154081,ivh8ka,https://www.northcountrypublicradio.org/news/npr/100306972/justice-ruth-bader-ginsburg-champion-of-gender-equality-dies-at-87,25449,1600500908.0,,2020-09-19 02:35:08
Online influencer Jake Paul charged after Scottsdale looting,152240,gwk61n,https://www.abc15.com/news/region-northeast-valley/scottsdale/online-influencer-jake-paul-charged-after-scottsdale-looting,6686,1591315050.0,,2020-06-04 18:57:30
"Apple admits it slows older iPhones, confirming Geekbench report",149913,7l4s0r,https://www.cnet.com/news/apple-iphone-6-6s-7-ios-slow-downs-older-iphones-lithium-ion-batteries/#ftag=CAD-09-10aai5b,13059,1513835953.0,,2017-12-20 23:59:13
"NY Times: Trump paid $750 in US income taxes in 2016, 2017",149747,j0zqzu,https://apnews.com/article/archive-personal-taxes-donald-trump-f0e2af5f9f99de9d30dc6b9097121188?utm_campaign=SocialFlow&utm_source=Twitter&utm_medium=AP,14468,1601272671.0,,2020-09-28 00:57:51
Net Neutrality Overturned,147348,7jtexm,https://www.nytimes.com/2017/12/14/technology/net-neutrality-repeal-vote.html,18227,1513304008.0,,2017-12-14 20:13:28
Dr. Fauci Named Federal Employee of the Year,146892,j8pon4,https://www.fedweek.com/federal-managers-daily-report/dr-fauci-named-federal-employee-of-the-year/,2787,1602383695.0,,2020-10-10 21:34:55
Congress has certified the 270 Electoral College votes needed to confirm Joe Biden's presidential election win.,144179,ks99ig,https://www.latimes.com/politics/liveblog/live-updates-congress-electoral-college-votes,7718,1610037776.0,,2021-01-07 10:42:56
FCC Chairman Ajit Pai will step down on January 20,141346,k3yin8,https://www.cnbc.com/2020/11/30/fcc-chairman-ajit-pai-will-step-down-on-january-20.html,4601,1606780712.0,,2020-11-30 17:58:32
"GBI arrests father, son for murder of Ahmaud Arbery",141054,gfilfg,https://www.wjcl.com/article/gbi-arrests-father-son-for-murder-of-ahmaud-arbery/32409481,15384,1588925879.0,,2020-05-08 03:17:59
"Melvin Capital, hedge fund that bet against GameStop, lost more than 50% in January",140601,l9mry1,https://www.cnbc.com/2021/01/31/melvin-capital-lost-more-than-50percent-after-betting-against-gamestop-wsj.html,5996,1612158089.0,,2021-01-31 23:41:29
Wife of officer charged with murder of George Floyd announces she's divorcing him,140276,gt84e7,https://www.nbcnews.com/news/us-news/wife-officer-charged-murder-george-floyd-announces-she-s-divorcing-n1219276,9865,1590842068.0,,2020-05-30 07:34:28
Family of 11-year-old boy who died in Texas deep freeze files $100 million suit against power companies,137964,lp73rh,https://abcnews.go.com/US/family-11-year-boy-died-texas-deep-freeze/story?id=76030082,8923,1613971732.0,,2021-02-21 23:28:52
"Judge permanently dismisses charges against Kenneth Walker, boyfriend of Breonna Taylor",137776,m0o85f,https://www.cbsnews.com/news/kenneth-walker-breonna-taylor-judge-dismisses-charges/,5864,1615261636.0,,2021-03-08 21:47:16
Leader of North Carolina lockdown Protest group tests positive for COVID-19,136605,g94vfg,https://www.wral.com/coronavirus/nc-coronavirus-live-updates-april-27/19073293/,6076,1588036371.0,,2020-04-27 20:12:51
"Kanye West removed from Illinois Presidential ballot after nearly 2,000 invalid signatures discovered",133960,i62w9v,https://www.xxlmag.com/kanye-west-illinois-ballot-invalid-signatures/,6037,1596936098.0,,2020-08-08 20:21:38
Losses on short positions in U.S. firms top $70 billion,133374,l75xqy,https://www.reuters.com/article/us-retail-trading-shortbets-idUSKBN29X1SW?taid=6012f37e9ac87d000147d4e3&utm_source=reddit.com,8252,1611890516.0,,2021-01-28 21:21:56
Trump campaign loses lawsuit seeking to halt Michigan vote count,131229,jopehs,https://www.reuters.com/article/us-usa-election-michigan-idUSKBN27L2M1,5638,1604633799.0,,2020-11-05 21:36:39
Portland sees peaceful night of protests following withdrawal of federal troops,129840,i16m2u,https://www.theguardian.com/us-news/2020/jul/31/portland-protests-latest-peaceful-night-federal-troops-withdrawal,8307,1596227118.0,,2020-07-31 15:25:18
Former President George H.W. Bush Dies at 94,129150,a203bi,https://www.nbcdfw.com/news/local/Former-President-George-HW-Bush-Dies-184974861.html,9552,1543668883.0,,2018-12-01 06:54:43
"Illinois’ Top Legal Officer Wants To License Cops, Just Like Doctors, Hairdressers",128934,gxj98g,https://www.wbez.org/stories/illinois-top-legal-officer-wants-to-license-cops-just-like-doctors-hairdressers/9a8b6505-4283-4975-ad2f-8b653e96da73,3494,1591442010.0,,2020-06-06 06:13:30
"North Carolina man arrested after he’s discovered with guns, explosives in plot to assassinate Joe Biden",128384,jg850m,https://www.rawstory.com/2020/10/north-carolina-man-arrested-after-discovered-with-guns-explosives-in-plot-to-assassinate-joe-biden/,7793,1603428160.0,,2020-10-22 23:42:40
"Underage girl forced to have sex with Prince Andrew, US court document claims",127179,i1b1zp,https://www.theguardian.com/uk-news/2020/jul/31/underage-girl-forced-to-have-sex-with-prince-andrew-us-court-document-jeffrey-epstein,6833,1596243387.0,,2020-07-31 19:56:27
Japanese firm gives non-smokers extra six days holiday to compensate for cigarette break,126708,79v2cg,http://www.independent.co.uk/news/world/asia/japanese-firm-piala-inc-tokyo-non-smokers-extra-six-days-holiday-cigarette-break-a8028541.html,4898,1509477637.0,,2017-10-31 14:20:37
Entire staffs at 3 Sonic locations quit after wages cut to $4/hour plus tips,124880,awa7p2,https://kutv.com/news/offbeat/entire-staffs-at-3-sonic-locations-quit-after-wages-cut-to-4hour-plus-tips?fbclid=IwAR0gYmpsHEUfb1YPvhKFz9GV9iTMiyPWb1JvqLlw7zHsQJJ3kopbh62f7wo,10720,1551505940.0,,2019-03-01 23:52:20
#DeleteFacebook Movement Gains Steam After 50 Million Users Have Data Leaked,124451,85osel,https://www.thewrap.com/delete-facebook-twitter-cambridge-analytica/,6775,1521536525.0,,2018-03-20 04:02:05
Chester Bennington of Linkin Park commits suicide,123951,6oi3gu,http://wtkr.com/2017/07/20/tmz-report-chester-bennington-of-linkin-park-commits-suicide/,15696,1500603263.0,,2017-07-20 21:14:23
Biden revokes presidential permit for Keystone XL pipeline expansion on 1st day,123733,l1l116,https://globalnews.ca/news/7588853/biden-cancels-keystone-xl/,6918,1611212840.0,,2021-01-21 01:07:20
Fox News publishes digitally altered and misleading images of Seattle demonstrations,123158,h8clp5,https://edition.cnn.com/2020/06/13/media/seattle-fox-news-autonomous-zone-protest/index.html,5400,1592100957.0,,2020-06-13 21:15:57
Ghislaine Maxwell Charged With Sex Trafficking of 14-Year-Old Girl,122968,mfzs1k,https://www.nytimes.com/2021/03/29/nyregion/ghislaine-maxwell-sex-trafficking-epstein.html?referringSource=articleShare,4622,1617081339.0,,2021-03-30 00:15:39
Harvey Weinstein sentenced to 23 years in prison for sex assault in case that sparked 'MeToo' movement,122061,fgyjdl,https://www.cnbc.com/2020/03/11/harvey-weinstein-sentenced-in-prison-for-sex-assault.html,6037,1583967901.0,,2020-03-11 18:05:01
"Colorado governor signs police accountability bill, ending qualified immunity defense in the state",121991,hcb5kh,https://www.efficientgov.com/legal/articles/colorado-governor-signs-police-accountability-bill-ending-qualified-immunity-defense-in-the-state-7pCy9MlUviwLRX1O/,4127,1592637598.0,,2020-06-20 02:19:58
Man dies in Arizona after being restrained by police on hot tarmac for six minutes,121847,idwafa,https://news.sky.com/story/man-dies-in-arizona-after-being-restrained-by-police-on-hot-tarmac-for-six-minutes-12053541,14446,1598043721.0,,2020-08-21 16:02:01
U.S. President Donald Trump fired the federal government's top lawyer Sally Yates on Monday after she took the extraordinarily rare step of defying the White House and refused to defend new travel restrictions targeting seven Muslim-majority nations.,121533,5r5qx4,http://www.reuters.com/article/us-usa-trump-immigration-idUSKBN15E1DE,16434,1485861938.0,,2017-01-31 05:25:38
New Virginia law capping insulin prices at $50 a month goes into effect Friday,121228,knyqp5,https://www.princewilliamtimes.com/news/new-virginia-law-capping-insulin-prices-at-50-a-month-goes-into-effect-friday/article_cc1ea210-4a26-11eb-9ca2-dbcea0627c72.html?fbclid=IwAR0MA6jbLJjl0fz8QwTkKaBOCFI74LiB3Bb4GVWvm2Ro2VCeEVKgyeSgBx0,2792,1609479873.0,,2020-12-31 23:44:33
Gay men have taken over the Proud Boys Twitter hashtag,120501,j55928,https://www.cnn.com/2020/10/04/us/proud-boys-twitter-hashtag-gay-men-trnd/index.html,4705,1601869740.0,,2020-10-04 22:49:00
Police shoot 13-year-old boy with autism several times after mother calls for help,120282,ioxdw1,https://www.theguardian.com/us-news/2020/sep/08/linden-cameron-police-shooting-boy-autism-utah,12985,1599613233.0,,2020-09-08 20:00:33
Airspace now restricted over Biden’s home,120216,jp6djf,https://edition.cnn.com/politics/live-news/trump-biden-election-results-11-06-20/h_8cd2333f39a78ee9080a753e0433035a,6488,1604702975.0,,2020-11-06 16:49:35
Blizzard pulls Blitzchung from Hearthstone tournament over support for Hong Kong protests,119966,dezr7q,https://www.cnet.com/news/blizzard-removes-blitzchung-from-hearthstone-grand-masters-after-his-public-support-for-hong-kong-protests/,7492,1570569113.0,,2019-10-08 16:11:53
"Black woman shot and killed after Kentucky police entered her home as she slept, family says",119861,gin551,https://www.nbcnews.com/news/nbcblk/black-woman-shot-killed-after-kentucky-police-entered-her-home-n1205651,9925,1589355249.0,,2020-05-13 02:34:09
Supreme Court rules New York prosecutor can get Trump's tax returns,119846,ho3trn,https://www.nbcnews.com/politics/supreme-court/supreme-court-rules-new-york-prosecutor-can-get-trump-s-n1232086,6813,1594332979.0,,2020-07-09 17:16:19
Judge orders U.S. Postal Service to treat all election mail as 1st class or priority | CBC News,119480,ix8x2m,https://www.cbc.ca/news/world/usps-election-mail-1.5732632,2746,1600749817.0,,2020-09-21 23:43:37
Marine Corps Bans Public Display of Confederate Flag,119477,g7hxy8,https://www.nytimes.com/2020/04/23/us/marine-corps-confederate-flag.html,6747,1587795628.0,,2020-04-25 01:20:28
Some U.S. Capitol rioters fired after internet detectives identify them,119449,kss0xq,https://www.reuters.com/article/us-usa-election-protests-fallout/some-u-s-capitol-rioters-fired-after-internet-detectives-identify-them-idUSKBN29C36M?feedType=mktg&feedName=topNews&WT.mc_id=Partner-Google,7869,1610098303.0,,2021-01-08 03:31:43
Donald Trump calls for delay to 2020 US presidential election,119218,i0lu1y,https://www.bbc.com/news/world-us-canada-53597975,15376,1596143690.0,,2020-07-30 16:14:50
"U.S. Supreme Court lets Flint, Michigan residents sue over water contamination",119141,erw6o5,https://www.reuters.com/article/us-usa-court-flint-idUSKBN1ZK1S5,2589,1579649608.0,,2020-01-21 17:33:28
"Fired Wilmington cop: “We are just going to go out and start slaughtering them f—— ni—–. I can’t wait. God, I can’t wait.”",118558,hfa7a7,https://portcitydaily.com/local-news/2020/06/24/fired-wilmington-cop-we-are-just-going-to-go-out-and-start-slaughtering-them-f-ni-i-cant-wait-god-i-cant-wait-free-read/?fbclid=IwAR2rQ5D5Fyq6qgTRpdU6clh8a_7iOY_AUDe76SvfMAxywUnUPZVnoGzVVgM,7675,1593063934.0,,2020-06-25 00:45:34
Italy bans unvaccinated children from school,118494,b06ca5,https://www.bbc.co.uk/news/world-europe-47536981,3046,1552416451.0,,2019-03-12 13:47:31
'Black Panther' actor Chadwick Boseman dies at 43 after 4-year fight with colon cancer,118446,iikds7,https://apnews.com/7e2cb43ba86130d92e2128d907b860fd,4158,1598695736.0,,2020-08-29 05:08:56
Arresting officer in George Floyd case taken into custody by BCA,117867,gsx15s,https://kstp.com/news/arresting-officer-derek-chauvin-taken-into-custody-by-bca-george-floyd-case/5743589/?cat=1,10921,1590801414.0,,2020-05-29 20:16:54
Assaulting a worker who's enforcing masks is now a felony under a new Illinois law,117452,i75knz,https://www.cnn.com/2020/08/10/us/assault-workers-mask-law-illinois-trnd/index.html,4111,1597097646.0,,2020-08-10 17:14:06
Dr. Fauci says his daughters need security as family continues to get death threats,116880,i4ao0k,https://www.cnbc.com/2020/08/05/dr-fauci-says-his-daughters-need-security-as-family-continues-to-get-death-threats.html,7082,1596680476.0,,2020-08-05 21:21:16
Comcast quietly drops promise not to charge tolls for Internet fast lanes,116777,7fwv10,https://arstechnica.com/tech-policy/2017/11/comcast-quietly-drops-promise-not-to-charge-tolls-for-internet-fast-lanes/,3474,1511833114.0,,2017-11-27 19:38:34
Hospitals will have to post prices online starting January 1,116624,a9vtj4,http://www.fox5dc.com/health/hospitals-will-have-to-post-prices-online-starting-january-1,7062,1545912947.0,,2018-12-27 06:15:47
"Grant Imahara, 'Mythbusters' co-host, dead at 49",116518,hqvhgt,https://www.abc10.com/article/news/nation-world/grant-imahra-mythbusters-obit/507-82ddb2c7-5583-4334-b4de-6146043f2d12,3129,1594732452.0,,2020-07-14 08:14:12
Bill Cosby found guilty on all sex assault charges,116511,8f4nlp,http://abc7chicago.com/jury-reaches-verdict-in-bill-cosby-sex-assault-retrial/3394442/,8872,1524793869.0,,2018-04-26 20:51:09
"Mars, Nestlé and Hershey to face landmark child slavery lawsuit in US",116259,limws9,https://www.theguardian.com/global-development/2021/feb/12/mars-nestle-and-hershey-to-face-landmark-child-slavery-lawsuit-in-us,2831,1613198937.0,,2021-02-13 00:48:57
Rush Limbaugh dead at 70,115721,llzdbq,https://kpel965.com/rush-limbaugh-dead-at-70/,440,1613610757.0,,2021-02-17 19:12:37
"President-elect Joe Biden clears 270-vote threshold in Electoral College count, formalizing his victory",115227,kd8bdc,https://apnews.com/article/joe-biden-social-affairs-elections-ap-news-alert-electoral-college-9f7c5bbc89077e7cf52ae572de9bd18d,6314,1608014057.0,,2020-12-15 00:34:17
Texas Roadhouse CEO forgoes salary and bonus to pay front-line restaurant employees,115110,fpjc92,https://www.chron.com/news/article/Texas-Roadhouse-CEO-forgoes-salary-and-bonus-to-15159380.php?cmpid=hpctp,3136,1585284463.0,,2020-03-26 23:47:43
Landlord changes locks on California church after pastor said he'd continue to hold services,114962,fwjj51,https://www.ktvu.com/news/landlord-changes-locks-on-california-church-after-pastor-said-hed-continue-to-hold-services,4509,1586290749.0,,2020-04-07 15:19:09
"Reddit, Acting Against Hate Speech, Bans ‘The_Donald’ Subreddit",114817,hi47tb,https://www.nytimes.com/2020/06/29/technology/reddit-hate-speech.html#click=https://t.co/ouYN3bQxUr,15364,1593480335.0,,2020-06-29 20:25:35
Woman Is Fired After Calling Police on Black Man in Central Park,114796,gr3e3q,https://www.nytimes.com/2020/05/26/nyregion/amy-cooper-dog-central-park.html,14763,1590548935.0,,2020-05-26 22:08:55
Donald Trump Jr. tests positive for COVID-19,114570,jxztng,https://www.cbsnews.com/news/donald-trump-jr-covid-positive/?ftag=CNM-00-10aab7e&linkId=105046685,2253,1605942997.0,,2020-11-21 01:16:37
Officer accused of pushing teen during protest has 71 use of force cases on file,114230,gvxtrf,https://www.local10.com/news/local/2020/06/03/officer-accused-of-pushing-teen-during-protest-has-71-use-of-force-cases-on-file/,3718,1591232701.0,,2020-06-03 20:05:01
GRAPHIC VIDEO: Buffalo police officers violently shove man onto ground,113318,gwvnkk,https://news.wbfo.org/post/graphic-video-buffalo-police-officers-violently-shove-man-ground,9105,1591351987.0,,2020-06-05 05:13:07
Drought-hit California orders Nestlé to stop pumping millions of gallons of water,112334,mzp1hg,https://www.theguardian.com/us-news/2021/apr/27/california-nestle-water-san-bernardino-forest-drought?CMP=Share_iOSApp_Other,5100,1619560688.0,,2021-04-27 16:58:08
"'I can't breathe,' Oklahoma man tells police before dying. 'I don't care,' officer responds.",112076,h0oso5,https://www.nbcnews.com/news/us-news/i-can-t-breathe-oklahoma-man-tells-police-dying-i-n1229586,7472,1591866027.0,,2020-06-11 04:00:27
82-year-old Houston-area man left without heart medicine for a week due to USPS delays,112057,ibf3s1,http://cbsaustin.com/news/local/82-year-old-houston-area-man-left-without-heart-medicine-for-a-week-due-to-usps-delays,5533,1597703169.0,,2020-08-17 17:26:09
"Amazon blocks sale of merchandise with ""stand back"" and ""stand by""",112004,j385r6,https://www.cbsnews.com/news/stand-back-and-stand-by-proud-boys-merchandise-amazon/,10738,1601586223.0,,2020-10-01 16:03:43
"Judge rules to unseal documents in 2015 case against Ghislaine Maxwell, Jeffrey Epstein's alleged accomplice",111806,hwixdc,https://www.cnn.com/2020/07/23/us/ghislaine-maxwell-jeffrey-epstein/index.html,4307,1595551075.0,,2020-07-23 19:37:55
"Nearly 200,000 people have signed a petition to have Logan Paul kicked off YouTube after controversy over his filming of a dead body in Japan's 'Suicide Forest'",111606,7odx4v,http://www.thisisinsider.com/logan-paul-change-org-petition-removed-from-youtube-2018-1,7837,1515211931.0,,2018-01-05 22:12:11
Parler CEO Says Service Dropped By “Every Vendor” Could End Business,111594,kulsf1,https://deadline.com/2021/01/parler-ceo-says-service-dropped-by-every-vendor-and-could-end-the-company-1234670607/,15752,1610338048.0,,2021-01-10 22:07:28
Japanese police want to question Logan Paul,110660,7omqmr,https://pagesix.com/2018/01/04/japanese-police-want-to-question-logan-paul/?utm_campaign=SocialFlow&utm_source=P6Twitter&utm_medium=SocialFlow,9600,1515309063.0,,2018-01-07 01:11:03
James Comey terminated as Director of FBI,110066,6a8ji6,http://abcn.ws/2qPcnnU,23015,1494395360.0,,2017-05-10 00:49:20
52% of young adults in the US are living with their parents. That's the highest share since the Great Depression,109893,imtu8g,https://www.cnn.com/2020/09/04/us/children-living-with-parents-pandemic-pew/index.html,10044,1599303818.0,,2020-09-05 06:03:38
Police warn they may use live ammo on protesters in Hong Kong,109628,dxozju,https://news.rthk.hk/rthk/en/component/k2/1492830-20191118.htm,7016,1574038509.0,,2019-11-17 18:55:09
Alex Kearns died thinking he owed hundreds of thousands for stock market losses on Robinhood. His parents are set to sue over his suicide.,109366,lfc1ms,https://www.cbsnews.com/news/alex-kearns-robinhood-trader-suicide-wrongful-death-suit/,8728,1612820612.0,,2021-02-08 15:43:32
FBI arrests Nashville zip-tie suspect from assault on U.S. Capitol,108710,kunt5c,https://www.newschannel5.com/news/newschannel-5-investigates/fbi-arrests-nashville-zip-tie-suspect-from-assault-on-u-s-capitol,5191,1610343884.0,,2021-01-10 23:44:44
Bernie Sanders drops out of the presidential race,108710,fx8e5d,https://www.cnbc.com/2020/04/08/bernie-sanders-drops-out-of-2020-democratic-presidential-primary.html,29543,1586388282.0,,2020-04-08 18:24:42
